<?xml version="1.0" encoding="UTF-8"?>
<metadata xml:lang="th"><Esri><CreaDate>20200312</CreaDate><CreaTime>08302100</CreaTime><ArcGISFormat>1.0</ArcGISFormat><SyncOnce>FALSE</SyncOnce><DataProperties><lineage><Process ToolSource="c:\program files (x86)\arcgis\desktop10.1\ArcToolbox\Toolboxes\Data Management Tools.tbx\CalculateField" Date="20131114" Time="091952" Name="" export="">CalculateField gistda_tambon56_V5 AP_EN "Chaloem Phra Kiat" VB #</Process><Process ToolSource="c:\program files (x86)\arcgis\desktop10.1\ArcToolbox\Toolboxes\Data Management Tools.tbx\CalculateField" Date="20131114" Time="101047" Name="" export="">CalculateField gistda_tambon56_V5 TB_TN "โนนนาจาน" VB #</Process><Process ToolSource="c:\program files (x86)\arcgis\desktop10.1\ArcToolbox\Toolboxes\Data Management Tools.tbx\CalculateField" Date="20131114" Time="105450" Name="" export="">CalculateField gistda_tambon56_V5 TB_TN "โนนศิลาเลิง" VB #</Process><Process ToolSource="c:\program files (x86)\arcgis\desktop10.1\ArcToolbox\Toolboxes\Data Management Tools.tbx\CalculateField" Date="20131114" Time="105623" Name="" export="">CalculateField gistda_tambon56_V5 TB_TN "โคกสะอาด" VB #</Process><Process ToolSource="c:\program files (x86)\arcgis\desktop10.1\ArcToolbox\Toolboxes\Data Management Tools.tbx\CalculateField" Date="20131114" Time="105649" Name="" export="">CalculateField gistda_tambon56_V5 TB_TN "ลำชี" VB #</Process><Process ToolSource="c:\program files (x86)\arcgis\desktop10.1\ArcToolbox\Toolboxes\Data Management Tools.tbx\CalculateField" Date="20131114" Time="132645" Name="" export="">CalculateField gistda_tambon56_V5 TB_TN "ยอดชาด" VB #</Process><Process ToolSource="c:\program files (x86)\arcgis\desktop10.1\ArcToolbox\Toolboxes\Data Management Tools.tbx\CalculateField" Date="20131114" Time="132725" Name="" export="">CalculateField gistda_tambon56_V5 TB_TN "โคกสี" VB #</Process><Process ToolSource="c:\program files (x86)\arcgis\desktop10.1\ArcToolbox\Toolboxes\Data Management Tools.tbx\CalculateField" Date="20131114" Time="132737" Name="" export="">CalculateField gistda_tambon56_V5 TB_EN "Khok Si" VB #</Process><Process ToolSource="c:\program files (x86)\arcgis\desktop10.1\ArcToolbox\Toolboxes\Data Management Tools.tbx\CalculateField" Date="20131114" Time="132920" Name="" export="">CalculateField gistda_tambon56_V5 TB_IDN "481204" VB #</Process><Process ToolSource="c:\program files (x86)\arcgis\desktop10.1\ArcToolbox\Toolboxes\Data Management Tools.tbx\CalculateField" Date="20131114" Time="132933" Name="" export="">CalculateField gistda_tambon56_V5 TB_CODE "04" VB #</Process><Process ToolSource="c:\program files (x86)\arcgis\desktop10.1\ArcToolbox\Toolboxes\Data Management Tools.tbx\CalculateField" Date="20131114" Time="132946" Name="" export="">CalculateField gistda_tambon56_V5 TB_TN "หนองโพธิ์" VB #</Process><Process ToolSource="c:\program files (x86)\arcgis\desktop10.1\ArcToolbox\Toolboxes\Data Management Tools.tbx\CalculateField" Date="20131114" Time="133110" Name="" export="">CalculateField gistda_tambon56_V5 TB_EN "Nong Pho" VB #</Process><Process ToolSource="c:\program files (x86)\arcgis\desktop10.1\ArcToolbox\Toolboxes\Data Management Tools.tbx\CalculateField" Date="20131114" Time="133137" Name="" export="">CalculateField gistda_tambon56_V5 TB_IDN "481202" VB #</Process><Process ToolSource="c:\program files (x86)\arcgis\desktop10.1\ArcToolbox\Toolboxes\Data Management Tools.tbx\CalculateField" Date="20131114" Time="133146" Name="" export="">CalculateField gistda_tambon56_V5 TB_CODE "02" VB #</Process><Process ToolSource="c:\program files (x86)\arcgis\desktop10.1\ArcToolbox\Toolboxes\Data Management Tools.tbx\CalculateField" Date="20131114" Time="151749" Name="" export="">CalculateField gistda_tambon56_V5 TB_TN "สุไหงโก-ลก" VB #</Process><Process ToolSource="c:\program files (x86)\arcgis\desktop10.1\ArcToolbox\Toolboxes\Data Management Tools.tbx\CalculateField" Date="20131114" Time="160344" Name="" export="">CalculateField gistda_tambon56_V5 TB_TN "เวียงเหนือ" VB #</Process><Process ToolSource="c:\program files (x86)\arcgis\desktop10.1\ArcToolbox\Toolboxes\Data Management Tools.tbx\CalculateField" Date="20131115" Time="094926" Name="" export="">CalculateField gistda_tambon56_V5 TB_TN "เจดีย์ชัย" VB #</Process><Process ToolSource="c:\program files (x86)\arcgis\desktop10.1\ArcToolbox\Toolboxes\Data Management Tools.tbx\CalculateField" Date="20131115" Time="094934" Name="" export="">CalculateField gistda_tambon56_V5 COM_TN "เจดีย์ชัย" VB #</Process><Process ToolSource="c:\program files (x86)\arcgis\desktop10.1\ArcToolbox\Toolboxes\Data Management Tools.tbx\CalculateField" Date="20131115" Time="095002" Name="" export="">CalculateField gistda_tambon56_V5 TB_TN "ผาทอง" VB #</Process><Process ToolSource="c:\program files (x86)\arcgis\desktop10.1\ArcToolbox\Toolboxes\Data Management Tools.tbx\CalculateField" Date="20131115" Time="095154" Name="" export="">CalculateField gistda_tambon56_V5 AP_EN "Mae Poen" VB #</Process><Process ToolSource="c:\program files (x86)\arcgis\desktop10.1\ArcToolbox\Toolboxes\Data Management Tools.tbx\CalculateField" Date="20131115" Time="095757" Name="" export="">CalculateField gistda_tambon56_V5 ADMIN_TYPE "5" VB #</Process><Process ToolSource="c:\program files (x86)\arcgis\desktop10.1\ArcToolbox\Toolboxes\Data Management Tools.tbx\Dissolve" Date="20131115" Time="154504" Name="" export="">Dissolve gistda_tambon B:\datavector\gistda_admin56\version5_20131115\gistda_amphoe.shp AP_IDN;AP_CODE;AP_TN;AP_EN;PV_IDN;PV_CODE;PV_TN;PV_EN;RE_NESDB;RE_ROYIN # MULTI_PART DISSOLVE_LINES</Process><Process ToolSource="c:\program files (x86)\arcgis\desktop10.1\ArcToolbox\Toolboxes\Data Management Tools.tbx\CalculateField" Date="20131115" Time="161728" Name="" export="">CalculateField gistda_amphoe ADMIN_TYPE 3 VB #</Process></lineage><itemProps><itemLocation><linkage Sync="TRUE">file://\\DESKTOP-OIRB5N5\C$\workspace\lab_site_selection\drive-download-20200312T012239Z-001\cm_amp_32647</linkage><protocol Sync="TRUE">Local Area Network</protocol></itemLocation><itemName Sync="TRUE">L05_Amphoe_GISTDA_50k</itemName><imsContentType Sync="TRUE">002</imsContentType><itemSize Sync="TRUE">39.049</itemSize><nativeExtBox><westBL Sync="TRUE">97.343699</westBL><eastBL Sync="TRUE">105.637025</eastBL><southBL Sync="TRUE">5.612738</southBL><northBL Sync="TRUE">20.464926</northBL><exTypeCode Sync="TRUE">1</exTypeCode></nativeExtBox></itemProps><copyHistory><copy source="C:\workspace\lab_site_selection\cm_amp_32647" dest="\\DESKTOP-OIRB5N5\C$\workspace\lab_site_selection\drive-download-20200312T012239Z-001\cm_amp_32647" date="20200312" time="09294600"/></copyHistory><coordRef><type Sync="TRUE">Geographic</type><geogcsn Sync="TRUE">GCS_WGS_1984</geogcsn><csUnits Sync="TRUE">Angular Unit: Degree (0.017453)</csUnits><peXml Sync="TRUE">&lt;GeographicCoordinateSystem xsi:type='typens:GeographicCoordinateSystem' xmlns:xsi='http://www.w3.org/2001/XMLSchema-instance' xmlns:xs='http://www.w3.org/2001/XMLSchema' xmlns:typens='http://www.esri.com/schemas/ArcGIS/10.1'&gt;&lt;WKT&gt;GEOGCS[&amp;quot;GCS_WGS_1984&amp;quot;,DATUM[&amp;quot;D_WGS_1984&amp;quot;,SPHEROID[&amp;quot;WGS_1984&amp;quot;,6378137.0,298.257223563]],PRIMEM[&amp;quot;Greenwich&amp;quot;,0.0],UNIT[&amp;quot;Degree&amp;quot;,0.0174532925199433],AUTHORITY[&amp;quot;EPSG&amp;quot;,4326]]&lt;/WKT&gt;&lt;XOrigin&gt;-400&lt;/XOrigin&gt;&lt;YOrigin&gt;-400&lt;/YOrigin&gt;&lt;XYScale&gt;11258999068426.238&lt;/XYScale&gt;&lt;ZOrigin&gt;-100000&lt;/ZOrigin&gt;&lt;ZScale&gt;10000&lt;/ZScale&gt;&lt;MOrigin&gt;-100000&lt;/MOrigin&gt;&lt;MScale&gt;10000&lt;/MScale&gt;&lt;XYTolerance&gt;8.983152841195215e-009&lt;/XYTolerance&gt;&lt;ZTolerance&gt;0.001&lt;/ZTolerance&gt;&lt;MTolerance&gt;0.001&lt;/MTolerance&gt;&lt;HighPrecision&gt;true&lt;/HighPrecision&gt;&lt;LeftLongitude&gt;-180&lt;/LeftLongitude&gt;&lt;WKID&gt;4326&lt;/WKID&gt;&lt;LatestWKID&gt;4326&lt;/LatestWKID&gt;&lt;/GeographicCoordinateSystem&gt;</peXml></coordRef></DataProperties><SyncDate>20140603</SyncDate><SyncTime>14593800</SyncTime><ModDate>20140603</ModDate><ModTime>14593800</ModTime><scaleRange><minScale>150000000</minScale><maxScale>5000</maxScale></scaleRange><ArcGISProfile>ItemDescription</ArcGISProfile></Esri><dataIdInfo><envirDesc Sync="TRUE">Microsoft Windows 7 Version 6.1 (Build 7601) Service Pack 1; Esri ArcGIS 10.2.0.3348</envirDesc><dataLang><languageCode value="tha" Sync="TRUE"/><countryCode value="THA" Sync="TRUE"/></dataLang><idCitation><resTitle Sync="FALSE">ขอบเขตการปกครองระดับอำเภอ</resTitle><presForm><PresFormCd value="005" Sync="TRUE"/></presForm></idCitation><spatRpType><SpatRepTypCd value="001" Sync="TRUE"/></spatRpType><idPurp>ขอบเขตอำเภออัพเดทจากข้อมูลของกรมการปกครอง (DOPA) ปี 2554</idPurp><idAbs>&lt;DIV STYLE="text-align:Left;"&gt;&lt;DIV&gt;&lt;DIV&gt;&lt;P&gt;&lt;SPAN&gt;1. แก้ไขชื่อภาษาไทย ภาษาอังกฤษที่ไม่เขียนไม่ถูกต้องตามชื่อสถานที่จริงในระดับจังหวัดและอำเภอ โดยอ้างอิงจากหนังสือประกาศสำนักนายกรัฐมนตรีและประกาศราชบัณฑิตยสถาน เรื่อง การเขียนชื่อจังหวัด เขต อำเภอ และกิ่งอำเภอ และ เรื่องหลักเกณฑ์การถอดอักษรไทยเป็นอักษรโรมันแบบถ่ายเสียง ปี พิมพ์ครั้งที่ 1 พ.ศ.2553ส่วนระดับตำบลอ้างอิงจาก http://www.wikipedia.org/ยกตัวอย่างเช่น คำว่า “เมือง” ภาษาอังกฤษในตารางจะเขียนเป็น “Muang” แต่ตามหนังสือประกาศฯ เขียน “Mueang”&lt;/SPAN&gt;&lt;/P&gt;&lt;P&gt;&lt;SPAN&gt;2. แก้ไขcode จังหวัดหนองบัวลำภู จาก 36 เป็น 39&lt;/SPAN&gt;&lt;/P&gt;&lt;P&gt;&lt;SPAN&gt;3. แก้ไข code อำเภอเวียงเก่า จังหวัดขอนแก่น จาก 16 เป็น 26 เพราะ 16 เป็น code อำเภอภูเวียง&lt;/SPAN&gt;&lt;/P&gt;&lt;P&gt;&lt;SPAN&gt;4. เพิ่ม ต.โพธิ์แตง อ.บางไทร จ.พระนครศรีอยุธยา (เดิมมี ต.เชียงรากน้อย 2 polygon)&lt;/SPAN&gt;&lt;/P&gt;&lt;P&gt;&lt;SPAN&gt;5. เพิ่ม ต.ตลาดเกรียบ อ.บางปะอิน จ.พระนครศรีอยุธยา (เดิมเป็น ต.ขนอนหลวง 2 polygon)&lt;/SPAN&gt;&lt;/P&gt;&lt;P&gt;&lt;SPAN&gt;6. แก้ไข code AMPHOE_IDN ตำบลห้วยโรง อำเภอร้องกวาง จังหวัดแพร่ จาก 4502 เป็น 5402&lt;/SPAN&gt;&lt;/P&gt;&lt;P&gt;&lt;SPAN&gt;7. อ.แม่แจ่ม แยกเป็นอำเภอกัลยาณิวัฒนา (เอาแม่แจ่มมา 3 ตำบล คือ บ้านจันทร์ แม่แดด และแจ่มหลวง)&lt;/SPAN&gt;&lt;/P&gt;&lt;P&gt;&lt;SPAN&gt;8. ตำบลร่มเย็น อำเภอเชียงคำ จังหวัดพะเยา มี 2 polygon&lt;/SPAN&gt;&lt;/P&gt;&lt;P&gt;&lt;SPAN&gt;9. เพิ่มข้อมูลระดับตำบล (แขวง) จังหวัดกรุงเทพมหานคร&lt;/SPAN&gt;&lt;/P&gt;&lt;/DIV&gt;&lt;/DIV&gt;&lt;/DIV&gt;</idAbs><idCredit>ฝ่ายประยุกต์ข้อมูล GIS ศูนย์พัฒนาภูมิสารสนเทศ และ ฝ่ายผลิตชั้นข้อมูลภูมิสารสนเทศ สำนักผลิตภัณฑ์ภูมิสารสนเทศ ปี 2556</idCredit><searchKeys><keyword>Boundary</keyword><keyword>ขอบเขตการปกครอง</keyword><keyword>Amphoe</keyword><keyword>ขอบเขตอำเภอ</keyword><keyword>gistda_amphoe56</keyword><keyword>GISTDA</keyword><keyword>สทอภ.</keyword></searchKeys><dataExt><geoEle><GeoBndBox esriExtentType="search"><exTypeCode Sync="TRUE">1</exTypeCode><westBL Sync="TRUE">97.343699</westBL><eastBL Sync="TRUE">105.637025</eastBL><northBL Sync="TRUE">20.464926</northBL><southBL Sync="TRUE">5.612738</southBL></GeoBndBox></geoEle></dataExt></dataIdInfo><mdLang><languageCode value="tha" Sync="TRUE"/><countryCode value="THA" Sync="TRUE"/></mdLang><mdChar><CharSetCd value="004" Sync="TRUE"/></mdChar><distInfo><distFormat><formatName Sync="TRUE">Shapefile</formatName></distFormat><distTranOps><transSize Sync="TRUE">39.049</transSize></distTranOps></distInfo><mdHrLv><ScopeCd value="005" Sync="TRUE"/></mdHrLv><mdHrLvName Sync="TRUE">dataset</mdHrLvName><refSysInfo><RefSystem><refSysID><identCode code="4326" Sync="TRUE"/><idCodeSpace Sync="TRUE">EPSG</idCodeSpace><idVersion Sync="TRUE">8.1.1</idVersion></refSysID></RefSystem></refSysInfo><spatRepInfo><VectSpatRep><geometObjs Name="L05_Amphoe_GISTDA_50k"><geoObjTyp><GeoObjTypCd value="002" Sync="TRUE"></GeoObjTypCd></geoObjTyp><geoObjCnt Sync="TRUE">929</geoObjCnt></geometObjs><topLvl><TopoLevCd value="001" Sync="TRUE"></TopoLevCd></topLvl></VectSpatRep></spatRepInfo><spdoinfo><ptvctinf><esriterm Name="L05_Amphoe_GISTDA_50k"><efeatyp Sync="TRUE">Simple</efeatyp><efeageom code="4" Sync="TRUE"></efeageom><esritopo Sync="TRUE">FALSE</esritopo><efeacnt Sync="TRUE">929</efeacnt><spindex Sync="TRUE">FALSE</spindex><linrefer Sync="TRUE">FALSE</linrefer></esriterm></ptvctinf></spdoinfo><eainfo><detailed Name="L05_Amphoe_GISTDA_50k"><enttyp><enttypl Sync="TRUE">L05_Amphoe_GISTDA_50k</enttypl><enttypt Sync="TRUE">Feature Class</enttypt><enttypc Sync="TRUE">929</enttypc></enttyp><attr><attrlabl Sync="TRUE">FID</attrlabl><attalias Sync="TRUE">FID</attalias><attrtype Sync="TRUE">OID</attrtype><attwidth Sync="TRUE">4</attwidth><atprecis Sync="TRUE">0</atprecis><attscale Sync="TRUE">0</attscale><attrdef Sync="TRUE">Internal feature number.</attrdef><attrdefs Sync="TRUE">Esri</attrdefs><attrdomv><udom Sync="TRUE">Sequential unique whole numbers that are automatically generated.</udom></attrdomv></attr><attr><attrlabl Sync="TRUE">Shape</attrlabl><attalias Sync="TRUE">Shape</attalias><attrtype Sync="TRUE">Geometry</attrtype><attwidth Sync="TRUE">0</attwidth><atprecis Sync="TRUE">0</atprecis><attscale Sync="TRUE">0</attscale><attrdef Sync="TRUE">Feature geometry.</attrdef><attrdefs Sync="TRUE">Esri</attrdefs><attrdomv><udom Sync="TRUE">Coordinates defining the features.</udom></attrdomv></attr><attr><attrlabl Sync="TRUE">AP_IDN</attrlabl><attalias Sync="TRUE">AP_IDN</attalias><attrtype Sync="TRUE">Integer</attrtype><attwidth Sync="TRUE">9</attwidth><atprecis Sync="TRUE">9</atprecis><attscale Sync="TRUE">0</attscale></attr><attr><attrlabl Sync="TRUE">AP_CODE</attrlabl><attalias Sync="TRUE">AP_CODE</attalias><attrtype Sync="TRUE">String</attrtype><attwidth Sync="TRUE">4</attwidth><atprecis Sync="TRUE">0</atprecis><attscale Sync="TRUE">0</attscale></attr><attr><attrlabl Sync="TRUE">AP_TN</attrlabl><attalias Sync="TRUE">AP_TN</attalias><attrtype Sync="TRUE">String</attrtype><attwidth Sync="TRUE">50</attwidth><atprecis Sync="TRUE">0</atprecis><attscale Sync="TRUE">0</attscale></attr><attr><attrlabl Sync="TRUE">AP_EN</attrlabl><attalias Sync="TRUE">AP_EN</attalias><attrtype Sync="TRUE">String</attrtype><attwidth Sync="TRUE">50</attwidth><atprecis Sync="TRUE">0</atprecis><attscale Sync="TRUE">0</attscale></attr><attr><attrlabl Sync="TRUE">PV_IDN</attrlabl><attalias Sync="TRUE">PV_IDN</attalias><attrtype Sync="TRUE">Integer</attrtype><attwidth Sync="TRUE">9</attwidth><atprecis Sync="TRUE">9</atprecis><attscale Sync="TRUE">0</attscale></attr><attr><attrlabl Sync="TRUE">PV_CODE</attrlabl><attalias Sync="TRUE">PV_CODE</attalias><attrtype Sync="TRUE">String</attrtype><attwidth Sync="TRUE">2</attwidth><atprecis Sync="TRUE">0</atprecis><attscale Sync="TRUE">0</attscale></attr><attr><attrlabl Sync="TRUE">PV_TN</attrlabl><attalias Sync="TRUE">PV_TN</attalias><attrtype Sync="TRUE">String</attrtype><attwidth Sync="TRUE">50</attwidth><atprecis Sync="TRUE">0</atprecis><attscale Sync="TRUE">0</attscale></attr><attr><attrlabl Sync="TRUE">PV_EN</attrlabl><attalias Sync="TRUE">PV_EN</attalias><attrtype Sync="TRUE">String</attrtype><attwidth Sync="TRUE">50</attwidth><atprecis Sync="TRUE">0</atprecis><attscale Sync="TRUE">0</attscale></attr><attr><attrlabl Sync="TRUE">RE_NESDB</attrlabl><attalias Sync="TRUE">RE_NESDB</attalias><attrtype Sync="TRUE">String</attrtype><attwidth Sync="TRUE">50</attwidth><atprecis Sync="TRUE">0</atprecis><attscale Sync="TRUE">0</attscale></attr><attr><attrlabl Sync="TRUE">RE_ROYIN</attrlabl><attalias Sync="TRUE">RE_ROYIN</attalias><attrtype Sync="TRUE">String</attrtype><attwidth Sync="TRUE">50</attwidth><atprecis Sync="TRUE">0</atprecis><attscale Sync="TRUE">0</attscale></attr><attr><attrlabl Sync="TRUE">AreaShape</attrlabl><attalias Sync="TRUE">AreaShape</attalias><attrtype Sync="TRUE">Double</attrtype><attwidth Sync="TRUE">17</attwidth><atprecis Sync="TRUE">16</atprecis><attscale Sync="TRUE">3</attscale></attr><attr><attrlabl Sync="TRUE">ADMIN_TYPE</attrlabl><attalias Sync="TRUE">ADMIN_TYPE</attalias><attrtype Sync="TRUE">SmallInteger</attrtype><attwidth Sync="TRUE">4</attwidth><atprecis Sync="TRUE">4</atprecis><attscale Sync="TRUE">0</attscale></attr></detailed></eainfo><mdDateSt Sync="TRUE">20140603</mdDateSt></metadata>
