<?xml version="1.0" encoding="UTF-8"?>
<metadata xml:lang="th"><Esri><CreaDate>20200312</CreaDate><CreaTime>08304600</CreaTime><ArcGISFormat>1.0</ArcGISFormat><SyncOnce>TRUE</SyncOnce><DataProperties><lineage><Process ToolSource="c:\program files (x86)\arcgis\desktop10.5\ArcToolbox\Toolboxes\Data Management Tools.tbx\CalculateField" Date="20170914" Time="151129">CalculateField CM_Soil OM_PER [OM]*100 VB #</Process></lineage><itemProps><itemLocation><linkage Sync="TRUE">file://\\DESKTOP-OIRB5N5\C$\workspace\lab_site_selection\drive-download-20200312T012239Z-001\cm_soil_32647</linkage><protocol Sync="TRUE">Local Area Network</protocol></itemLocation></itemProps><copyHistory><copy source="C:\workspace\lab_site_selection\cm_soil_32647" dest="\\DESKTOP-OIRB5N5\C$\workspace\lab_site_selection\drive-download-20200312T012239Z-001\cm_soil_32647" date="20200312" time="09294600"></copy></copyHistory></DataProperties></Esri></metadata>
